addr_first_name,addr_business,addr_email_1,addr_phone_1,addr_web_url_1
Phoenix Whitney,Hobby Lobby,muadip@me.com,6087769896,http://www.tumblr.com
Zayd Rosario,Innometrics,gboss@mac.com,8162000665,http://www.google.it
Gemma Grimes,Intellivision,pgottsch@yahoo.ca,8653129961,http://www.360.cn
Stanley Cardenas,The Knickknack Shack,fluffy@me.com,6106598606,http://www.blogspot.com
Fallon Wood,Plan4Demand,arnold@aol.com,7405929799,http://www.aliexpress.com
Fallon Wood,Influitive,louise@verizon.net,7205895855,http://www.360.cn
Fallon Wood,7Eleven,speeves@outlook.com,7405929799,http://www.blogspot.com
Kaisley Serrano,Spinfluence,speeves@outlook.com,7405929799,http://www.pinterest.com
Gabrielle Petersen,7Eleven,arnold@aol.com,4043997267,http://www.pinterest.com
Louisa Ramos,Los Amigos Taqueria,kspiteri@yahoo.com,4232448323,http://www.imgur.com